Time,Ax,Ay,Az,Gx,Gy,Gz
02:04:49:463,nan,1.809652254940701e+24,5.6021095993792894e-39,1.655976812239948e-24,0.1250009536743164,0.04977548494935036
