Time,Ax,Ay,Az,Gx,Gy,Gz
02:04:48:384,-6.502171604157909e+21,-0.8539921641349792,-0.03125038370490074,-0.125,2.5,0.1875
