Time,Ax,Ay,Az,Gx,Gy,Gz
02:04:49:384,0.00041628043982200325,1.8084158907421983e+24,0.0,2.780809165835868e-17,4.3811017175060185e+20,-1.3318880415973376e+16
